{"cameraMode":{"drawMode":0,"name":"Shaded","section":"Shading Mode"},"sceneLighting":true,"audioPlay":false,"sceneViewState":{"showFog":true,"showMaterialUpdate":false,"showSkybox":true,"showFlares":true,"showImageEffects":true,"showParticleSystems":true,"showVisualEffectGraphs":true,"m_FxEnabled":true},"in2DMode":false,"pivot":{"x":205.1632537841797,"y":-331.84771728515627,"z":553.0402221679688},"rotation":{"x":-0.30011120438575747,"y":0.004864302463829517,"z":-0.0015233204467222095,"w":-0.9539066553115845},"size":486.1005554199219,"orthographic":false}