{"cameraMode":{"drawMode":0,"name":"Shaded","section":"Shading Mode"},"sceneLighting":true,"audioPlay":false,"sceneViewState":{"showFog":true,"showMaterialUpdate":false,"showSkybox":true,"showFlares":true,"showImageEffects":true,"showParticleSystems":true,"showVisualEffectGraphs":true,"m_FxEnabled":true},"in2DMode":false,"pivot":{"x":504.70355224609377,"y":124.77130126953125,"z":978.1561889648438},"rotation":{"x":0.03021642379462719,"y":-0.9642059803009033,"z":0.23167796432971955,"w":0.12566743791103364},"size":210.34620666503907,"orthographic":false}