{"cameraMode":{"drawMode":0,"name":"Shaded","section":"Shading Mode"},"sceneLighting":false,"audioPlay":false,"sceneViewState":{"showFog":true,"showMaterialUpdate":false,"showSkybox":false,"showFlares":true,"showImageEffects":true,"showParticleSystems":true,"showVisualEffectGraphs":true,"m_FxEnabled":true},"in2DMode":false,"pivot":{"x":0.28661155700683596,"y":8.283952713012696,"z":0.4637136459350586},"rotation":{"x":-0.15310320258140565,"y":0.8447672128677368,"z":-0.32844021916389468,"w":-0.3937833607196808},"size":24.189998626708986,"orthographic":false}